{"stats": "openaigym.episode_batch.5.120.stats.json", "videos": [["openaigym.video.5.120.video000000.mp4", "openaigym.video.5.120.video000000.meta.json"], ["openaigym.video.5.120.video000001.mp4", "openaigym.video.5.120.video000001.meta.json"], ["openaigym.video.5.120.video000008.mp4", "openaigym.video.5.120.video000008.meta.json"], ["openaigym.video.5.120.video000027.mp4", "openaigym.video.5.120.video000027.meta.json"], ["openaigym.video.5.120.video000064.mp4", "openaigym.video.5.120.video000064.meta.json"], ["openaigym.video.5.120.video000125.mp4", "openaigym.video.5.120.video000125.meta.json"], ["openaigym.video.5.120.video000216.mp4", "openaigym.video.5.120.video000216.meta.json"], ["openaigym.video.5.120.video000343.mp4", "openaigym.video.5.120.video000343.meta.json"]], "env_info": {"gym_version": "0.17.2", "env_id": "LunarLander-v2"}}